{
    "218.490566037735": {"exp0": 16.864924},
    "310.188679245283": {"exp0": 2.796669},
    "377.433962264151": {"exp0": 0.899498},
    "456.905660377358": {"exp0": 0.356455},
    "654.566037735849": {"exp0": 0.126682},
    "876.679245283019": {"exp0": 0.039293},
    "1086.56603773584": {"exp0": 0.019894},
    "1369.81132075471": {"exp0": 0.008477},
    "1494.11320754716": {"exp0": 0.005791},
    "1999.47169811320": {"exp0": 0.002853},
    "2492.60377358490": {"exp0": 0.001846},
    "2999.99999999999": {"exp0": 0.001331}
}